id,age_group,sex,household_id
676,Age18to64,Female,1
677,Age18to64,Female,2
678,Age18to64,Male,3
679,Age18to64,Female,4
680,Age18to64,Female,5
681,Age18to64,Female,6
682,Age18to64,Female,7
683,Age18to64,Male,8
684,Age18to64,Female,9
685,Age18to64,Male,10
686,Age18to64,Male,11
687,Age18to64,Male,12
688,Age18to64,Male,13
689,Age18to64,Female,14
690,Age18to64,Male,15
691,Age18to64,Male,16
692,Age18to64,Female,17
693,Age18to64,Male,18
694,Age18to64,Female,19
695,Age18to64,Male,20
696,Age18to64,Male,21
697,Age18to64,Female,22
698,Age18to64,Female,23
699,Age18to64,Male,24
700,Age18to64,Male,25
701,Age18to64,Female,26
702,Age18to64,Male,27
703,Age18to64,Male,28
704,Age18to64,Female,29
705,Age18to64,Female,30
706,Age18to64,Female,31
707,Age18to64,Female,32
708,Age18to64,Male,33
709,Age18to64,Male,34
710,Age18to64,Female,35
711,Age18to64,Male,36
712,Age18to64,Female,37
713,Age18to64,Male,38
714,Age18to64,Male,39
715,Age18to64,Female,40
716,Age18to64,Female,41
717,Age18to64,Female,42
718,Age18to64,Female,43
719,Age18to64,Female,44
720,Age18to64,Female,45
721,Age18to64,Male,46
722,Age18to64,Male,47
723,Age18to64,Female,48
724,Age18to64,Male,49
725,Age18to64,Male,50
726,Age18to64,Male,51
727,Age18to64,Male,52
728,Age18to64,Male,53
729,Age18to64,Male,54
730,Age18to64,Male,55
731,Age18to64,Male,56
732,Age18to64,Female,57
733,Age18to64,Female,58
734,Age18to64,Female,59
735,Age18to64,Male,60
736,Age18to64,Female,61
737,Age18to64,Male,62
738,Age18to64,Male,63
739,Age18to64,Male,64
740,Age18to64,Female,65
741,Age18to64,Male,66
742,Age18to64,Male,67
743,Age18to64,Male,68
744,Age18to64,Female,69
745,Age18to64,Female,70
746,Age18to64,Male,71
747,Age18to64,Male,72
748,Age18to64,Female,73
749,Age18to64,Female,74
750,Age18to64,Female,75
751,Age18to64,Female,76
752,Age18to64,Male,77
753,Age18to64,Male,78
754,Age18to64,Female,79
755,Age18to64,Male,80
756,Age18to64,Female,81
757,Age18to64,Female,82
758,Age18to64,Male,83
766,Age18to64,Male,84
771,Age18to64,Female,84
774,Age18to64,Male,85
778,Age18to64,Female,85
841,Age18to64,Male,86
847,Age18to64,Female,86
876,Age18to64,Male,87
879,Age18to64,Female,87
883,Age18to64,Male,88
882,Age18to64,Female,88
901,Age18to64,Male,89
893,Age18to64,Female,89
930,Age18to64,Male,90
946,Age18to64,Female,90
936,Age18to64,Male,91
951,Age18to64,Female,91
957,Age18to64,Male,92
958,Age18to64,Female,92
963,Age18to64,Male,93
960,Age18to64,Female,93
1012,Age18to64,Male,94
1011,Age18to64,Female,94
1057,Age18to64,Male,95
1061,Age18to64,Female,95
1068,Age18to64,Male,96
1070,Age18to64,Female,96
1069,Age18to64,Male,97
1075,Age18to64,Female,97
1113,Age18to64,Male,98
1118,Age18to64,Female,98
1123,Age18to64,Male,99
1125,Age18to64,Female,99
1124,Age18to64,Male,100
1128,Age18to64,Female,100
1140,Age18to64,Male,101
1141,Age18to64,Female,101
1179,Age18to64,Male,102
1187,Age18to64,Female,102
1185,Age18to64,Male,103
1189,Age18to64,Female,103
1227,Age18to64,Male,104
1226,Age18to64,Female,104
1233,Age18to64,Male,105
1236,Age18to64,Female,105
1241,Age18to64,Male,106
1243,Age18to64,Female,106
1242,Age18to64,Male,107
1244,Age18to64,Female,107
1248,Age18to64,Male,108
1246,Age18to64,Female,108
1257,Age18to64,Male,109
1259,Age18to64,Female,109
1261,Age18to64,Male,110
1263,Age18to64,Female,110
1295,Age18to64,Male,111
1292,Age18to64,Female,111
1332,Age18to64,Male,112
1330,Age18to64,Female,112
1340,Age18to64,Male,113
1333,Age18to64,Female,113
1373,Age18to64,Male,114
1365,Age18to64,Female,114
1374,Age18to64,Male,115
1368,Age18to64,Female,115
1393,Age18to64,Male,116
1383,Age18to64,Female,116
1406,Age18to64,Male,117
1389,Age18to64,Female,117
1424,Age18to64,Male,118
1402,Age18to64,Female,118
1438,Age18to64,Male,119
1425,Age18to64,Female,119
1440,Age18to64,Male,120
1426,Age18to64,Female,120
1443,Age18to64,Male,121
1430,Age18to64,Female,121
1455,Age18to64,Male,122
1449,Age18to64,Female,122
1475,Age18to64,Male,123
1473,Age18to64,Female,123
1480,Age18to64,Male,124
1476,Age18to64,Female,124
1486,Age65Plus,Male,125
1487,Age65Plus,Female,125
1491,Age65Plus,Male,126
1492,Age65Plus,Female,126
1496,Age65Plus,Male,127
1497,Age65Plus,Female,127
1498,Age65Plus,Male,128
1500,Age65Plus,Female,128
1499,Age65Plus,Male,129
1503,Age65Plus,Female,129
1501,Age65Plus,Male,130
1504,Age65Plus,Female,130
1506,Age65Plus,Male,131
1511,Age65Plus,Female,131
1510,Age65Plus,Male,132
1515,Age65Plus,Female,132
1512,Age65Plus,Male,133
1517,Age65Plus,Female,133
1516,Age65Plus,Male,134
1521,Age65Plus,Female,134
1520,Age65Plus,Male,135
1523,Age65Plus,Female,135
1522,Age65Plus,Male,136
1525,Age65Plus,Female,136
1524,Age65Plus,Male,137
1529,Age65Plus,Female,137
1527,Age65Plus,Male,138
1534,Age65Plus,Female,138
1531,Age65Plus,Male,139
1536,Age65Plus,Female,139
1540,Age65Plus,Male,140
1543,Age65Plus,Female,140
1542,Age65Plus,Male,141
1549,Age65Plus,Female,141
1554,Age65Plus,Male,142
1558,Age65Plus,Female,142
1555,Age65Plus,Male,143
1559,Age65Plus,Female,143
1560,Age65Plus,Male,144
1565,Age65Plus,Female,144
1562,Age65Plus,Male,145
1567,Age65Plus,Female,145
1563,Age65Plus,Male,146
1569,Age65Plus,Female,146
1568,Age65Plus,Male,147
1573,Age65Plus,Female,147
1572,Age65Plus,Male,148
1576,Age65Plus,Female,148
1574,Age65Plus,Male,149
1578,Age65Plus,Female,149
1577,Age65Plus,Male,150
1583,Age65Plus,Female,150
1579,Age65Plus,Male,151
1588,Age65Plus,Female,151
1580,Age65Plus,Male,152
1589,Age65Plus,Female,152
1581,Age65Plus,Male,153
1593,Age65Plus,Female,153
1586,Age65Plus,Male,154
1594,Age65Plus,Female,154
1595,Age65Plus,Male,155
1598,Age65Plus,Female,155
1597,Age65Plus,Male,156
1600,Age65Plus,Female,156
1603,Age65Plus,Male,157
1604,Age65Plus,Female,157
1605,Age65Plus,Male,158
1606,Age65Plus,Female,158
759,Age18to64,Male,159
760,Age18to64,Female,159
74,AgeUnder5,Male,159
440,Age5to17,Male,159
761,Age18to64,Male,160
765,Age18to64,Female,160
291,Age5to17,Male,160
764,Age18to64,Male,161
768,Age18to64,Female,161
188,AgeUnder5,Female,161
769,Age18to64,Male,162
770,Age18to64,Female,162
96,AgeUnder5,Female,162
213,AgeUnder5,Female,162
248,Age5to17,Female,162
772,Age18to64,Male,163
773,Age18to64,Female,163
444,Age5to17,Female,163
467,Age5to17,Male,163
553,Age5to17,Female,163
781,Age18to64,Male,164
776,Age18to64,Female,164
443,Age5to17,Male,164
784,Age18to64,Male,165
777,Age18to64,Female,165
357,Age5to17,Male,165
785,Age18to64,Male,166
779,Age18to64,Female,166
36,AgeUnder5,Male,166
786,Age18to64,Male,167
780,Age18to64,Female,167
101,AgeUnder5,Male,167
219,AgeUnder5,Female,167
388,Age5to17,Female,167
403,Age5to17,Female,167
524,Age5to17,Male,167
640,Age5to17,Female,167
791,Age18to64,Male,168
787,Age18to64,Female,168
112,AgeUnder5,Female,168
794,Age18to64,Male,169
788,Age18to64,Female,169
641,Age5to17,Female,169
796,Age18to64,Male,170
789,Age18to64,Female,170
113,AgeUnder5,Female,170
509,Age5to17,Male,170
798,Age18to64,Male,171
790,Age18to64,Female,171
53,AgeUnder5,Female,171
803,Age18to64,Male,172
795,Age18to64,Female,172
16,AgeUnder5,Female,172
282,Age5to17,Female,172
323,Age5to17,Male,172
433,Age5to17,Female,172
545,Age5to17,Female,172
558,Age5to17,Female,172
560,Age5to17,Female,172
810,Age18to64,Male,173
799,Age18to64,Female,173
30,AgeUnder5,Female,173
302,Age5to17,Female,173
812,Age18to64,Male,174
800,Age18to64,Female,174
70,AgeUnder5,Female,174
171,AgeUnder5,Male,174
814,Age18to64,Male,175
804,Age18to64,Female,175
287,Age5to17,Male,175
385,Age5to17,Male,175
643,Age5to17,Female,175
672,Age5to17,Female,175
816,Age18to64,Male,176
806,Age18to64,Female,176
41,AgeUnder5,Female,176
254,Age5to17,Female,176
298,Age5to17,Male,176
569,Age5to17,Male,176
608,Age5to17,Female,176
820,Age18to64,Male,177
808,Age18to64,Female,177
218,AgeUnder5,Female,177
822,Age18to64,Male,178
809,Age18to64,Female,178
117,AgeUnder5,Female,178
312,Age5to17,Female,178
823,Age18to64,Male,179
811,Age18to64,Female,179
32,AgeUnder5,Female,179
76,AgeUnder5,Male,179
826,Age18to64,Male,180
813,Age18to64,Female,180
63,AgeUnder5,Female,180
362,Age5to17,Female,180
590,Age5to17,Male,180
828,Age18to64,Male,181
815,Age18to64,Female,181
612,Age5to17,Female,181
829,Age18to64,Male,182
817,Age18to64,Female,182
5,AgeUnder5,Male,182
635,Age5to17,Male,182
637,Age5to17,Male,182
833,Age18to64,Male,183
824,Age18to64,Female,183
58,AgeUnder5,Male,183
121,AgeUnder5,Male,183
555,Age5to17,Female,183
619,Age5to17,Female,183
834,Age18to64,Male,184
825,Age18to64,Female,184
300,Age5to17,Female,184
316,Age5to17,Female,184
483,Age5to17,Male,184
537,Age5to17,Male,184
837,Age18to64,Male,185
830,Age18to64,Female,185
134,AgeUnder5,Male,185
253,Age5to17,Male,185
528,Age5to17,Female,185
840,Age18to64,Male,186
831,Age18to64,Female,186
158,AgeUnder5,Female,186
203,AgeUnder5,Female,186
400,Age5to17,Male,186
670,Age5to17,Male,186
843,Age18to64,Male,187
832,Age18to64,Female,187
547,Age5to17,Female,187
845,Age18to64,Male,188
835,Age18to64,Female,188
574,Age5to17,Female,188
850,Age18to64,Male,189
842,Age18to64,Female,189
242,AgeUnder5,Male,189
265,Age5to17,Female,189
310,Age5to17,Female,189
668,Age5to17,Male,189
854,Age18to64,Male,190
844,Age18to64,Female,190
421,Age5to17,Male,190
573,Age5to17,Female,190
859,Age18to64,Male,191
846,Age18to64,Female,191
106,AgeUnder5,Male,191
428,Age5to17,Male,191
572,Age5to17,Female,191
860,Age18to64,Male,192
848,Age18to64,Female,192
118,AgeUnder5,Female,192
232,AgeUnder5,Male,192
867,Age18to64,Male,193
849,Age18to64,Female,193
194,AgeUnder5,Female,193
255,Age5to17,Female,193
872,Age18to64,Male,194
851,Age18to64,Female,194
303,Age5to17,Male,194
877,Age18to64,Male,195
852,Age18to64,Female,195
239,AgeUnder5,Male,195
880,Age18to64,Male,196
855,Age18to64,Female,196
343,Age5to17,Male,196
881,Age18to64,Male,197
856,Age18to64,Female,197
412,Age5to17,Male,197
504,Age5to17,Male,197
887,Age18to64,Male,198
858,Age18to64,Female,198
165,AgeUnder5,Male,198
890,Age18to64,Male,199
861,Age18to64,Female,199
452,Age5to17,Female,199
892,Age18to64,Male,200
865,Age18to64,Female,200
7,AgeUnder5,Female,200
465,Age5to17,Female,200
894,Age18to64,Male,201
866,Age18to64,Female,201
59,AgeUnder5,Female,201
122,AgeUnder5,Male,201
897,Age18to64,Male,202
868,Age18to64,Female,202
47,AgeUnder5,Male,202
60,AgeUnder5,Female,202
325,Age5to17,Female,202
431,Age5to17,Male,202
596,Age5to17,Female,202
898,Age18to64,Male,203
869,Age18to64,Female,203
314,Age5to17,Male,203
479,Age5to17,Male,203
900,Age18to64,Male,204
870,Age18to64,Female,204
103,AgeUnder5,Male,204
903,Age18to64,Male,205
875,Age18to64,Female,205
12,AgeUnder5,Female,205
915,Age18to64,Male,206
886,Age18to64,Female,206
166,AgeUnder5,Female,206
919,Age18to64,Male,207
888,Age18to64,Female,207
100,AgeUnder5,Female,207
920,Age18to64,Male,208
889,Age18to64,Female,208
335,Age5to17,Male,208
498,Age5to17,Female,208
598,Age5to17,Male,208
925,Age18to64,Male,209
896,Age18to64,Female,209
510,Age5to17,Male,209
929,Age18to64,Male,210
902,Age18to64,Female,210
120,AgeUnder5,Female,210
332,Age5to17,Female,210
602,Age5to17,Female,210
932,Age18to64,Male,211
904,Age18to64,Female,211
88,AgeUnder5,Female,211
535,Age5to17,Male,211
933,Age18to64,Male,212
905,Age18to64,Female,212
278,Age5to17,Female,212
426,Age5to17,Female,212
935,Age18to64,Male,213
906,Age18to64,Female,213
9,AgeUnder5,Male,213
153,AgeUnder5,Female,213
169,AgeUnder5,Male,213
245,Age5to17,Male,213
506,Age5to17,Female,213
937,Age18to64,Male,214
907,Age18to64,Female,214
114,AgeUnder5,Female,214
327,Age5to17,Female,214
501,Age5to17,Female,214
562,Age5to17,Female,214
938,Age18to64,Male,215
908,Age18to64,Female,215
150,AgeUnder5,Male,215
151,AgeUnder5,Female,215
369,Age5to17,Female,215
941,Age18to64,Male,216
909,Age18to64,Female,216
181,AgeUnder5,Male,216
447,Age5to17,Female,216
942,Age18to64,Male,217
911,Age18to64,Female,217
180,AgeUnder5,Female,217
647,Age5to17,Male,217
943,Age18to64,Male,218
913,Age18to64,Female,218
402,Age5to17,Female,218
955,Age18to64,Male,219
918,Age18to64,Female,219
530,Age5to17,Female,219
961,Age18to64,Male,220
922,Age18to64,Female,220
230,AgeUnder5,Female,220
976,Age18to64,Male,221
931,Age18to64,Female,221
65,AgeUnder5,Male,221
977,Age18to64,Male,222
934,Age18to64,Female,222
35,AgeUnder5,Male,222
980,Age18to64,Male,223
939,Age18to64,Female,223
307,Age5to17,Female,223
382,Age5to17,Female,223
981,Age18to64,Male,224
945,Age18to64,Female,224
599,Age5to17,Female,224
984,Age18to64,Male,225
949,Age18to64,Female,225
27,AgeUnder5,Female,225
127,AgeUnder5,Male,225
985,Age18to64,Male,226
952,Age18to64,Female,226
306,Age5to17,Female,226
375,Age5to17,Male,226
988,Age18to64,Male,227
959,Age18to64,Female,227
90,AgeUnder5,Male,227
991,Age18to64,Male,228
967,Age18to64,Female,228
33,AgeUnder5,Female,228
994,Age18to64,Male,229
974,Age18to64,Female,229
62,AgeUnder5,Male,229
996,Age18to64,Male,230
975,Age18to64,Female,230
195,AgeUnder5,Female,230
409,Age5to17,Male,230
1001,Age18to64,Male,231
978,Age18to64,Female,231
508,Age5to17,Female,231
1002,Age18to64,Male,232
979,Age18to64,Female,232
56,AgeUnder5,Male,232
432,Age5to17,Male,232
531,Age5to17,Male,232
1005,Age18to64,Male,233
982,Age18to64,Female,233
18,AgeUnder5,Female,233
386,Age5to17,Female,233
1006,Age18to64,Male,234
986,Age18to64,Female,234
622,Age5to17,Female,234
1008,Age18to64,Male,235
987,Age18to64,Female,235
123,AgeUnder5,Male,235
1014,Age18to64,Male,236
992,Age18to64,Female,236
147,AgeUnder5,Female,236
396,Age5to17,Female,236
1015,Age18to64,Male,237
993,Age18to64,Female,237
297,Age5to17,Female,237
389,Age5to17,Female,237
1018,Age18to64,Male,238
995,Age18to64,Female,238
636,Age5to17,Male,238
1021,Age18to64,Male,239
997,Age18to64,Female,239
347,Age5to17,Female,239
1023,Age18to64,Male,240
999,Age18to64,Female,240
220,AgeUnder5,Male,240
227,AgeUnder5,Male,240
611,Age5to17,Female,240
1025,Age18to64,Male,241
1000,Age18to64,Female,241
54,AgeUnder5,Male,241
415,Age5to17,Male,241
1031,Age18to64,Male,242
1003,Age18to64,Female,242
512,Age5to17,Female,242
1035,Age18to64,Male,243
1007,Age18to64,Female,243
565,Age5to17,Female,243
1040,Age18to64,Male,244
1013,Age18to64,Female,244
173,AgeUnder5,Female,244
244,Age5to17,Male,244
1042,Age18to64,Male,245
1016,Age18to64,Female,245
410,Age5to17,Male,245
493,Age5to17,Male,245
1044,Age18to64,Male,246
1017,Age18to64,Female,246
395,Age5to17,Male,246
1047,Age18to64,Male,247
1024,Age18to64,Female,247
14,AgeUnder5,Male,247
75,AgeUnder5,Female,247
462,Age5to17,Female,247
513,Age5to17,Male,247
674,Age5to17,Male,247
1051,Age18to64,Male,248
1026,Age18to64,Female,248
189,AgeUnder5,Female,248
592,Age5to17,Male,248
1052,Age18to64,Male,249
1029,Age18to64,Female,249
144,AgeUnder5,Male,249
469,Age5to17,Male,249
1055,Age18to64,Male,250
1034,Age18to64,Female,250
627,Age5to17,Female,250
1058,Age18to64,Male,251
1037,Age18to64,Female,251
250,Age5to17,Female,251
258,Age5to17,Male,251
489,Age5to17,Male,251
1063,Age18to64,Male,252
1039,Age18to64,Female,252
567,Age5to17,Male,252
578,Age5to17,Male,252
1065,Age18to64,Male,253
1043,Age18to64,Female,253
93,AgeUnder5,Female,253
328,Age5to17,Male,253
482,Age5to17,Female,253
588,Age5to17,Male,253
1072,Age18to64,Male,254
1049,Age18to64,Female,254
217,AgeUnder5,Female,254
584,Age5to17,Male,254
1077,Age18to64,Male,255
1050,Age18to64,Female,255
179,AgeUnder5,Male,255
427,Age5to17,Male,255
525,Age5to17,Male,255
617,Age5to17,Female,255
1081,Age18to64,Male,256
1054,Age18to64,Female,256
243,Age5to17,Male,256
322,Age5to17,Female,256
585,Age5to17,Male,256
600,Age5to17,Male,256
1082,Age18to64,Male,257
1056,Age18to64,Female,257
198,AgeUnder5,Male,257
580,Age5to17,Female,257
1086,Age18to64,Male,258
1060,Age18to64,Female,258
4,AgeUnder5,Male,258
86,AgeUnder5,Male,258
1091,Age18to64,Male,259
1067,Age18to64,Female,259
673,Age5to17,Male,259
1092,Age18to64,Male,260
1071,Age18to64,Female,260
154,AgeUnder5,Male,260
1095,Age18to64,Male,261
1073,Age18to64,Female,261
618,Age5to17,Female,261
1096,Age18to64,Male,262
1076,Age18to64,Female,262
477,Age5to17,Male,262
1097,Age18to64,Male,263
1078,Age18to64,Female,263
419,Age5to17,Male,263
1104,Age18to64,Male,264
1083,Age18to64,Female,264
176,AgeUnder5,Male,264
404,Age5to17,Female,264
492,Age5to17,Female,264
552,Age5to17,Female,264
1105,Age18to64,Male,265
1084,Age18to64,Female,265
13,AgeUnder5,Male,265
1107,Age18to64,Male,266
1087,Age18to64,Female,266
662,Age5to17,Male,266
1108,Age18to64,Male,267
1088,Age18to64,Female,267
205,AgeUnder5,Male,267
285,Age5to17,Female,267
436,Age5to17,Female,267
566,Age5to17,Female,267
620,Age5to17,Male,267
1109,Age18to64,Male,268
1089,Age18to64,Female,268
84,AgeUnder5,Female,268
190,AgeUnder5,Female,268
1111,Age18to64,Male,269
1094,Age18to64,Female,269
91,AgeUnder5,Female,269
1114,Age18to64,Male,270
1098,Age18to64,Female,270
423,Age5to17,Male,270
448,Age5to17,Male,270
473,Age5to17,Female,270
604,Age5to17,Female,270
1127,Age18to64,Male,271
1102,Age18to64,Female,271
148,AgeUnder5,Male,271
1131,Age18to64,Male,272
1110,Age18to64,Female,272
226,AgeUnder5,Female,272
457,Age5to17,Female,272
470,Age5to17,Female,272
606,Age5to17,Female,272
1133,Age18to64,Male,273
1115,Age18to64,Female,273
654,Age5to17,Female,273
1135,Age18to64,Male,274
1116,Age18to64,Female,274
507,Age5to17,Female,274
594,Age5to17,Female,274
1137,Age18to64,Male,275
1119,Age18to64,Female,275
214,AgeUnder5,Male,275
1139,Age18to64,Male,276
1120,Age18to64,Female,276
464,Age5to17,Female,276
1142,Age18to64,Male,277
1121,Age18to64,Female,277
660,Age5to17,Female,277
1146,Age18to64,Male,278
1126,Age18to64,Female,278
308,Age5to17,Male,278
468,Age5to17,Female,278
666,Age5to17,Male,278
1153,Age18to64,Male,279
1130,Age18to64,Female,279
10,AgeUnder5,Female,279
367,Age5to17,Female,279
454,Age5to17,Male,279
472,Age5to17,Male,279
1157,Age18to64,Male,280
1145,Age18to64,Female,280
644,Age5to17,Male,280
1160,Age18to64,Male,281
1147,Age18to64,Female,281
532,Age5to17,Male,281
1164,Age18to64,Male,282
1155,Age18to64,Female,282
29,AgeUnder5,Male,282
1165,Age18to64,Male,283
1156,Age18to64,Female,283
263,Age5to17,Male,283
1171,Age18to64,Male,284
1161,Age18to64,Female,284
341,Age5to17,Male,284
1174,Age18to64,Male,285
1162,Age18to64,Female,285
293,Age5to17,Female,285
1175,Age18to64,Male,286
1166,Age18to64,Female,286
131,AgeUnder5,Female,286
1176,Age18to64,Male,287
1167,Age18to64,Female,287
49,AgeUnder5,Female,287
288,Age5to17,Female,287
1178,Age18to64,Male,288
1173,Age18to64,Female,288
50,AgeUnder5,Male,288
172,AgeUnder5,Female,288
260,Age5to17,Female,288
517,Age5to17,Male,288
1190,Age18to64,Male,289
1180,Age18to64,Female,289
44,AgeUnder5,Female,289
614,Age5to17,Female,289
1192,Age18to64,Male,290
1182,Age18to64,Female,290
275,Age5to17,Female,290
1193,Age18to64,Male,291
1183,Age18to64,Female,291
315,Age5to17,Female,291
1196,Age18to64,Male,292
1186,Age18to64,Female,292
2,AgeUnder5,Female,292
42,AgeUnder5,Female,292
1197,Age18to64,Male,293
1191,Age18to64,Female,293
628,Age5to17,Female,293
1207,Age18to64,Male,294
1198,Age18to64,Female,294
276,Age5to17,Male,294
1208,Age18to64,Male,295
1199,Age18to64,Female,295
256,Age5to17,Female,295
1210,Age18to64,Male,296
1201,Age18to64,Female,296
34,AgeUnder5,Female,296
390,Age5to17,Female,296
1213,Age18to64,Male,297
1202,Age18to64,Female,297
309,Age5to17,Male,297
648,Age5to17,Female,297
1216,Age18to64,Male,298
1205,Age18to64,Female,298
164,AgeUnder5,Female,298
548,Age5to17,Male,298
1217,Age18to64,Male,299
1209,Age18to64,Female,299
191,AgeUnder5,Male,299
575,Age5to17,Male,299
638,Age5to17,Male,299
642,Age5to17,Male,299
675,Age5to17,Female,299
1218,Age18to64,Male,300
1211,Age18to64,Female,300
119,AgeUnder5,Female,300
570,Age5to17,Male,300
1219,Age18to64,Male,301
1212,Age18to64,Female,301
57,AgeUnder5,Female,301
1224,Age18to64,Male,302
1221,Age18to64,Female,302
102,AgeUnder5,Female,302
209,AgeUnder5,Female,302
540,Age5to17,Male,302
1229,Age18to64,Male,303
1223,Age18to64,Female,303
89,AgeUnder5,Female,303
292,Age5to17,Female,303
534,Age5to17,Female,303
650,Age5to17,Female,303
1231,Age18to64,Male,304
1225,Age18to64,Female,304
425,Age5to17,Male,304
500,Age5to17,Female,304
527,Age5to17,Female,304
1237,Age18to64,Male,305
1228,Age18to64,Female,305
336,Age5to17,Male,305
1238,Age18to64,Male,306
1235,Age18to64,Female,306
359,Age5to17,Female,306
538,Age5to17,Female,306
1240,Age18to64,Male,307
1239,Age18to64,Female,307
146,AgeUnder5,Male,307
1251,Age18to64,Male,308
1247,Age18to64,Female,308
139,AgeUnder5,Male,308
345,Age5to17,Female,308
610,Age5to17,Female,308
1252,Age18to64,Male,309
1249,Age18to64,Female,309
97,AgeUnder5,Female,309
1254,Age18to64,Male,310
1250,Age18to64,Female,310
3,AgeUnder5,Male,310
1258,Age18to64,Male,311
1253,Age18to64,Female,311
6,AgeUnder5,Female,311
249,Age5to17,Female,311
273,Age5to17,Male,311
289,Age5to17,Female,311
1260,Age18to64,Male,312
1255,Age18to64,Female,312
272,Age5to17,Male,312
1262,Age18to64,Male,313
1256,Age18to64,Female,313
161,AgeUnder5,Male,313
200,AgeUnder5,Female,313
1277,Age18to64,Male,314
1271,Age18to64,Female,314
321,Age5to17,Female,314
346,Age5to17,Female,314
363,Age5to17,Female,314
655,Age5to17,Female,314
1279,Age18to64,Male,315
1272,Age18to64,Female,315
20,AgeUnder5,Male,315
142,AgeUnder5,Male,315
372,Age5to17,Male,315
563,Age5to17,Female,315
623,Age5to17,Female,315
1286,Age18to64,Male,316
1275,Age18to64,Female,316
326,Age5to17,Male,316
408,Age5to17,Male,316
1288,Age18to64,Male,317
1276,Age18to64,Female,317
503,Age5to17,Female,317
1290,Age18to64,Male,318
1278,Age18to64,Female,318
290,Age5to17,Female,318
615,Age5to17,Female,318
1291,Age18to64,Male,319
1280,Age18to64,Female,319
21,AgeUnder5,Male,319
1299,Age18to64,Male,320
1281,Age18to64,Female,320
280,Age5to17,Female,320
1300,Age18to64,Male,321
1282,Age18to64,Female,321
318,Age5to17,Male,321
1301,Age18to64,Male,322
1283,Age18to64,Female,322
481,Age5to17,Male,322
1307,Age18to64,Male,323
1287,Age18to64,Female,323
193,AgeUnder5,Male,323
231,AgeUnder5,Female,323
1308,Age18to64,Male,324
1289,Age18to64,Female,324
497,Age5to17,Male,324
1311,Age18to64,Male,325
1294,Age18to64,Female,325
646,Age5to17,Male,325
1312,Age18to64,Male,326
1296,Age18to64,Female,326
132,AgeUnder5,Female,326
526,Age5to17,Male,326
634,Age5to17,Male,326
1313,Age18to64,Male,327
1297,Age18to64,Female,327
79,AgeUnder5,Female,327
264,Age5to17,Female,327
1314,Age18to64,Male,328
1304,Age18to64,Female,328
330,Age5to17,Female,328
458,Age5to17,Male,328
586,Age5to17,Male,328
1315,Age18to64,Male,329
1306,Age18to64,Female,329
460,Age5to17,Female,329
1316,Age18to64,Male,330
1310,Age18to64,Female,330
186,AgeUnder5,Male,330
539,Age5to17,Female,330
571,Age5to17,Male,330
1323,Age18to64,Male,331
1317,Age18to64,Female,331
40,AgeUnder5,Male,331
1325,Age18to64,Male,332
1318,Age18to64,Female,332
177,AgeUnder5,Female,332
429,Age5to17,Female,332
1327,Age18to64,Male,333
1319,Age18to64,Female,333
379,Age5to17,Female,333
453,Age5to17,Male,333
1328,Age18to64,Male,334
1321,Age18to64,Female,334
157,AgeUnder5,Male,334
281,Age5to17,Male,334
533,Age5to17,Female,334
1334,Age18to64,Male,335
1322,Age18to64,Female,335
160,AgeUnder5,Female,335
568,Age5to17,Female,335
624,Age5to17,Female,335
1341,Age18to64,Male,336
1324,Age18to64,Female,336
417,Age5to17,Male,336
466,Age5to17,Female,336
652,Age5to17,Female,336
1348,Age18to64,Male,337
1329,Age18to64,Female,337
140,AgeUnder5,Male,337
397,Age5to17,Female,337
1355,Age18to64,Male,338
1337,Age18to64,Female,338
69,AgeUnder5,Female,338
1356,Age18to64,Male,339
1338,Age18to64,Female,339
557,Age5to17,Female,339
626,Age5to17,Female,339
1360,Age18to64,Male,340
1342,Age18to64,Female,340
439,Age5to17,Female,340
546,Age5to17,Female,340
605,Age5to17,Female,340
632,Age5to17,Female,340
1362,Age18to64,Male,341
1343,Age18to64,Female,341
223,AgeUnder5,Female,341
252,Age5to17,Male,341
1367,Age18to64,Male,342
1353,Age18to64,Female,342
420,Age5to17,Male,342
1379,Age18to64,Male,343
1364,Age18to64,Female,343
471,Age5to17,Male,343
1387,Age18to64,Male,344
1370,Age18to64,Female,344
210,AgeUnder5,Male,344
1388,Age18to64,Male,345
1372,Age18to64,Female,345
25,AgeUnder5,Male,345
115,AgeUnder5,Female,345
128,AgeUnder5,Female,345
313,Age5to17,Female,345
1390,Age18to64,Male,346
1375,Age18to64,Female,346
26,AgeUnder5,Female,346
1391,Age18to64,Male,347
1377,Age18to64,Female,347
238,AgeUnder5,Male,347
1392,Age18to64,Male,348
1378,Age18to64,Female,348
98,AgeUnder5,Female,348
266,Age5to17,Female,348
455,Age5to17,Female,348
516,Age5to17,Male,348
1396,Age18to64,Male,349
1382,Age18to64,Female,349
138,AgeUnder5,Male,349
1407,Age18to64,Male,350
1394,Age18to64,Female,350
133,AgeUnder5,Female,350
494,Age5to17,Male,350
1410,Age18to64,Male,351
1395,Age18to64,Female,351
329,Age5to17,Male,351
616,Age5to17,Male,351
1411,Age18to64,Male,352
1397,Age18to64,Female,352
143,AgeUnder5,Female,352
319,Age5to17,Male,352
541,Age5to17,Male,352
1412,Age18to64,Male,353
1398,Age18to64,Female,353
376,Age5to17,Male,353
1417,Age18to64,Male,354
1403,Age18to64,Female,354
94,AgeUnder5,Female,354
355,Age5to17,Female,354
399,Age5to17,Female,354
442,Age5to17,Male,354
1420,Age18to64,Male,355
1404,Age18to64,Female,355
45,AgeUnder5,Male,355
64,AgeUnder5,Male,355
1422,Age18to64,Male,356
1405,Age18to64,Female,356
135,AgeUnder5,Female,356
523,Age5to17,Female,356
583,Age5to17,Male,356
1429,Age18to64,Male,357
1418,Age18to64,Female,357
52,AgeUnder5,Female,357
342,Age5to17,Male,357
356,Age5to17,Female,357
358,Age5to17,Male,357
556,Age5to17,Female,357
621,Age5to17,Male,357
658,Age5to17,Female,357
1431,Age18to64,Male,358
1419,Age18to64,Female,358
665,Age5to17,Female,358
1432,Age18to64,Male,359
1421,Age18to64,Female,359
269,Age5to17,Male,359
1441,Age18to64,Male,360
1428,Age18to64,Female,360
85,AgeUnder5,Male,360
1445,Age18to64,Male,361
1434,Age18to64,Female,361
484,Age5to17,Male,361
1447,Age18to64,Male,362
1436,Age18to64,Female,362
82,AgeUnder5,Female,362
1452,Age18to64,Male,363
1446,Age18to64,Female,363
24,AgeUnder5,Male,363
522,Age5to17,Male,363
1458,Age18to64,Male,364
1450,Age18to64,Female,364
474,Age5to17,Female,364
667,Age5to17,Female,364
1461,Age18to64,Male,365
1459,Age18to64,Female,365
581,Age5to17,Male,365
1466,Age18to64,Male,366
1460,Age18to64,Female,366
125,AgeUnder5,Female,366
259,Age5to17,Female,366
1468,Age18to64,Male,367
1462,Age18to64,Female,367
450,Age5to17,Female,367
589,Age5to17,Female,367
1471,Age18to64,Male,368
1467,Age18to64,Female,368
246,Age5to17,Male,368
459,Age5to17,Female,368
1472,Age18to64,Male,369
1470,Age18to64,Female,369
364,Age5to17,Male,369
1478,Age18to64,Male,370
1479,Age18to64,Female,370
224,AgeUnder5,Male,370
549,Age5to17,Male,370
1376,Age18to64,Female,371
105,AgeUnder5,Female,371
378,Age5to17,Male,371
1305,Age18to64,Female,372
354,Age5to17,Male,372
1149,Age18to64,Female,373
542,Age5to17,Male,373
1284,Age18to64,Male,374
37,AgeUnder5,Male,374
1027,Age18to64,Female,375
99,AgeUnder5,Male,375
971,Age18to64,Male,376
141,AgeUnder5,Male,376
1009,Age18to64,Female,377
216,AgeUnder5,Female,377
1267,Age18to64,Female,378
235,AgeUnder5,Male,378
818,Age18to64,Male,379
19,AgeUnder5,Female,379
1463,Age18to64,Female,380
145,AgeUnder5,Male,380
204,AgeUnder5,Male,380
340,Age5to17,Male,380
609,Age5to17,Male,380
916,Age18to64,Female,381
351,Age5to17,Male,381
1369,Age18to64,Female,382
284,Age5to17,Female,382
505,Age5to17,Female,382
871,Age18to64,Female,383
110,AgeUnder5,Male,383
485,Age5to17,Male,383
587,Age5to17,Male,383
873,Age18to64,Female,384
398,Age5to17,Male,384
1032,Age18to64,Female,385
92,AgeUnder5,Female,385
1169,Age18to64,Male,386
211,AgeUnder5,Male,386
370,Age5to17,Female,386
914,Age18to64,Male,387
178,AgeUnder5,Female,387
383,Age5to17,Female,387
536,Age5to17,Female,387
631,Age5to17,Female,387
1456,Age18to64,Female,388
31,AgeUnder5,Female,388
550,Age5to17,Female,388
857,Age18to64,Female,389
124,AgeUnder5,Female,389
863,Age18to64,Female,390
365,Age5to17,Female,390
1151,Age18to64,Male,391
111,AgeUnder5,Male,391
424,Age5to17,Female,391
1293,Age18to64,Male,392
155,AgeUnder5,Male,392
202,AgeUnder5,Male,392
406,Age5to17,Female,392
461,Age5to17,Female,392
475,Age5to17,Female,392
601,Age5to17,Male,392
1433,Age18to64,Male,393
68,AgeUnder5,Female,393
1048,Age18to64,Male,394
279,Age5to17,Male,394
1273,Age18to64,Female,395
207,AgeUnder5,Male,395
656,Age5to17,Female,395
1380,Age18to64,Male,396
108,AgeUnder5,Female,396
917,Age18to64,Female,397
241,AgeUnder5,Female,397
1194,Age18to64,Male,398
109,AgeUnder5,Female,398
1352,Age18to64,Female,399
130,AgeUnder5,Male,399
603,Age5to17,Male,399
989,Age18to64,Male,400
23,AgeUnder5,Male,400
234,AgeUnder5,Male,400
299,Age5to17,Female,400
446,Age5to17,Male,400
1448,Age18to64,Male,401
187,AgeUnder5,Female,401
792,Age18to64,Female,402
73,AgeUnder5,Female,402
490,Age5to17,Male,402
633,Age5to17,Male,402
821,Age18to64,Female,403
373,Age5to17,Male,403
1172,Age18to64,Female,404
208,AgeUnder5,Female,404
1427,Age18to64,Female,405
87,AgeUnder5,Male,405
519,Age5to17,Female,405
1045,Age18to64,Male,406
225,AgeUnder5,Female,406
947,Age18to64,Male,407
11,AgeUnder5,Male,407
174,AgeUnder5,Male,407
969,Age18to64,Male,408
48,AgeUnder5,Male,408
1345,Age18to64,Male,409
168,AgeUnder5,Female,409
661,Age5to17,Female,409
1371,Age18to64,Male,410
360,Age5to17,Female,410
394,Age5to17,Female,410
1170,Age18to64,Male,411
170,AgeUnder5,Female,411
392,Age5to17,Female,411
422,Age5to17,Male,411
488,Age5to17,Male,411
544,Age5to17,Female,411
1349,Age18to64,Female,412
518,Age5to17,Female,412
1163,Age18to64,Female,413
561,Age5to17,Female,413
1036,Age18to64,Male,414
262,Age5to17,Male,414
305,Age5to17,Female,414
320,Age5to17,Male,414
451,Age5to17,Male,414
962,Age18to64,Female,415
8,AgeUnder5,Male,415
15,AgeUnder5,Female,415
437,Age5to17,Male,415
502,Age5to17,Female,415
1347,Age18to64,Male,416
401,Age5to17,Female,416
491,Age5to17,Female,416
496,Age5to17,Male,416
839,Age18to64,Male,417
669,Age5to17,Male,417
1399,Age18to64,Male,418
405,Age5to17,Male,418
802,Age18to64,Male,419
156,AgeUnder5,Female,419
827,Age18to64,Male,420
51,AgeUnder5,Male,420
247,Age5to17,Female,420
487,Age5to17,Female,420
838,Age18to64,Female,421
192,AgeUnder5,Male,421
268,Age5to17,Male,421
384,Age5to17,Female,421
393,Age5to17,Male,421
521,Age5to17,Male,421
529,Age5to17,Male,421
639,Age5to17,Male,421
1168,Age18to64,Male,422
149,AgeUnder5,Male,422
371,Age5to17,Male,422
651,Age5to17,Female,422
1079,Age18to64,Female,423
182,AgeUnder5,Female,423
333,Age5to17,Male,423
1053,Age18to64,Male,424
317,Age5to17,Female,424
353,Age5to17,Female,424
418,Age5to17,Female,424
1232,Age18to64,Male,425
175,AgeUnder5,Male,425
212,AgeUnder5,Female,425
236,AgeUnder5,Female,425
277,Age5to17,Male,425
350,Age5to17,Male,425
463,Age5to17,Female,425
1112,Age18to64,Male,426
344,Age5to17,Female,426
593,Age5to17,Female,426
1159,Age18to64,Male,427
294,Age5to17,Female,427
576,Age5to17,Female,427
630,Age5to17,Female,427
1474,Age18to64,Female,428
434,Age5to17,Female,428
899,Age18to64,Female,429
411,Age5to17,Female,429
910,Age18to64,Female,430
222,AgeUnder5,Female,430
304,Age5to17,Female,430
413,Age5to17,Female,430
1423,Age18to64,Male,431
215,AgeUnder5,Female,431
229,AgeUnder5,Female,431
884,Age18to64,Male,432
271,Age5to17,Female,432
368,Age5to17,Male,432
954,Age18to64,Male,433
116,AgeUnder5,Female,433
499,Age5to17,Male,433
520,Age5to17,Male,433
1100,Age18to64,Female,434
1,AgeUnder5,Male,434
199,AgeUnder5,Female,434
361,Age5to17,Female,434
514,Age5to17,Male,434
968,Age18to64,Female,435
95,AgeUnder5,Male,435
1350,Age18to64,Male,436
28,AgeUnder5,Male,436
126,AgeUnder5,Female,436
267,Age5to17,Male,436
495,Age5to17,Male,436
551,Age5to17,Male,436
591,Age5to17,Female,436
1066,Age18to64,Male,437
261,Age5to17,Female,437
311,Age5to17,Male,437
564,Age5to17,Male,437
956,Age18to64,Female,438
283,Age5to17,Male,438
476,Age5to17,Male,438
1451,Age18to64,Female,439
66,AgeUnder5,Female,439
441,Age5to17,Female,439
1457,Age18to64,Male,440
38,AgeUnder5,Female,440
72,AgeUnder5,Male,440
480,Age5to17,Male,440
1200,Age18to64,Male,441
228,AgeUnder5,Male,441
853,Age18to64,Female,442
577,Age5to17,Male,442
1265,Age18to64,Female,443
17,AgeUnder5,Male,443
430,Age5to17,Male,443
927,Age18to64,Male,444
167,AgeUnder5,Male,444
366,Age5to17,Male,444
582,Age5to17,Male,444
891,Age18to64,Female,445
1413,Age18to64,Female,445
301,Age5to17,Male,445
924,Age18to64,Male,446
965,Age18to64,Female,446
1093,Age18to64,Female,446
1408,Age18to64,Male,446
1552,Age65Plus,Male,446
1592,Age65Plus,Male,446
61,AgeUnder5,Female,446
295,Age5to17,Male,446
337,Age5to17,Male,446
438,Age5to17,Female,446
449,Age5to17,Female,446
1129,Age18to64,Female,447
1331,Age18to64,Female,447
1464,Age18to64,Male,447
83,AgeUnder5,Female,447
163,AgeUnder5,Female,447
664,Age5to17,Female,447
836,Age18to64,Female,448
1020,Age18to64,Female,448
1234,Age18to64,Female,448
349,Age5to17,Female,448
387,Age5to17,Female,448
1122,Age18to64,Male,449
1346,Age18to64,Male,449
1359,Age18to64,Male,449
1507,Age65Plus,Male,449
1245,Age18to64,Male,450
1484,Age65Plus,Male,450
1548,Age65Plus,Female,450
71,AgeUnder5,Female,450
543,Age5to17,Female,450
878,Age18to64,Female,451
921,Age18to64,Male,451
1041,Age18to64,Female,451
1215,Age18to64,Female,451
1575,Age65Plus,Male,451
1505,Age65Plus,Female,452
1538,Age65Plus,Female,452
270,Age5to17,Female,452
1138,Age18to64,Male,453
1435,Age18to64,Male,453
1481,Age18to64,Female,453
81,AgeUnder5,Female,453
559,Age5to17,Male,453
1269,Age18to64,Male,454
1453,Age18to64,Female,454
55,AgeUnder5,Male,454
579,Age5to17,Male,454
671,Age5to17,Male,454
1152,Age18to64,Male,455
1302,Age18to64,Male,455
1415,Age18to64,Female,455
1326,Age18to64,Female,456
1384,Age18to64,Male,456
456,Age5to17,Female,456
515,Age5to17,Female,456
595,Age5to17,Male,456
607,Age5to17,Female,456
653,Age5to17,Male,456
1059,Age18to64,Male,457
1266,Age18to64,Female,457
1298,Age18to64,Male,457
1335,Age18to64,Female,457
1553,Age65Plus,Female,457
46,AgeUnder5,Male,457
221,AgeUnder5,Male,457
416,Age5to17,Male,457
912,Age18to64,Male,458
1022,Age18to64,Male,458
1309,Age18to64,Male,458
1571,Age65Plus,Female,458
78,AgeUnder5,Male,458
782,Age18to64,Male,459
1030,Age18to64,Female,459
1143,Age18to64,Male,459
1144,Age18to64,Male,459
1195,Age18to64,Female,459
1514,Age65Plus,Female,459
274,Age5to17,Male,459
414,Age5to17,Female,459
966,Age18to64,Female,460
1074,Age18to64,Female,460
1103,Age18to64,Female,460
1274,Age18to64,Male,460
1556,Age65Plus,Female,460
1596,Age65Plus,Female,460
613,Age5to17,Male,460
801,Age18to64,Male,461
1465,Age18to64,Female,461
1541,Age65Plus,Female,461
1547,Age65Plus,Female,461
129,AgeUnder5,Male,461
1099,Age18to64,Male,462
1150,Age18to64,Female,462
1220,Age18to64,Male,462
1270,Age18to64,Male,462
1414,Age18to64,Female,462
1528,Age65Plus,Female,462
159,AgeUnder5,Female,462
251,Age5to17,Female,462
511,Age5to17,Female,462
663,Age5to17,Male,462
964,Age18to64,Male,463
1080,Age18to64,Male,463
1444,Age18to64,Female,463
1488,Age65Plus,Female,463
1537,Age65Plus,Female,463
348,Age5to17,Female,463
1184,Age18to64,Female,464
1535,Age65Plus,Male,464
80,AgeUnder5,Female,464
286,Age5to17,Male,464
380,Age5to17,Male,464
940,Age18to64,Male,465
1154,Age18to64,Male,465
206,AgeUnder5,Male,465
257,Age5to17,Male,465
819,Age18to64,Female,466
923,Age18to64,Male,466
1132,Age18to64,Male,466
1366,Age18to64,Female,466
43,AgeUnder5,Female,466
185,AgeUnder5,Female,466
597,Age5to17,Female,466
1344,Age18to64,Male,467
1357,Age18to64,Female,467
1494,Age65Plus,Female,467
1530,Age65Plus,Female,467
1564,Age65Plus,Male,467
554,Age5to17,Male,467
629,Age5to17,Female,467
885,Age18to64,Female,468
953,Age18to64,Male,468
998,Age18to64,Male,468
1584,Age65Plus,Male,468
862,Age18to64,Male,469
950,Age18to64,Male,469
1539,Age65Plus,Male,469
445,Age5to17,Male,469
928,Age18to64,Male,470
1106,Age18to64,Female,470
1351,Age18to64,Male,470
1358,Age18to64,Female,470
1400,Age18to64,Male,470
1551,Age65Plus,Female,470
107,AgeUnder5,Male,470
137,AgeUnder5,Male,470
1469,Age18to64,Male,471
1482,Age65Plus,Female,471
1489,Age65Plus,Male,471
1493,Age65Plus,Female,471
183,AgeUnder5,Female,471
201,AgeUnder5,Female,471
331,Age5to17,Male,471
339,Age5to17,Female,471
649,Age5to17,Male,471
797,Age18to64,Male,472
1222,Age18to64,Female,472
1509,Age65Plus,Male,472
990,Age18to64,Female,473
1437,Age18to64,Female,473
973,Age18to64,Male,474
1214,Age18to64,Male,474
1409,Age18to64,Male,474
1485,Age65Plus,Female,474
1526,Age65Plus,Female,474
1570,Age65Plus,Male,474
22,AgeUnder5,Male,474
391,Age5to17,Male,474
775,Age18to64,Female,475
793,Age18to64,Female,475
948,Age18to64,Male,475
1264,Age18to64,Female,475
1385,Age18to64,Female,475
39,AgeUnder5,Male,475
77,AgeUnder5,Female,475
152,AgeUnder5,Female,475
334,Age5to17,Female,475
352,Age5to17,Female,475
374,Age5to17,Male,475
657,Age5to17,Female,475
763,Age18to64,Female,476
1038,Age18to64,Male,476
1206,Age18to64,Male,476
1361,Age18to64,Female,476
407,Age5to17,Male,476
645,Age5to17,Female,476
1010,Age18to64,Female,477
1028,Age18to64,Female,477
1381,Age18to64,Female,477
1557,Age65Plus,Female,477
1582,Age65Plus,Female,477
338,Age5to17,Male,477
486,Age5to17,Female,477
1046,Age18to64,Female,478
1285,Age18to64,Female,478
1502,Age65Plus,Male,478
805,Age18to64,Male,479
864,Age18to64,Female,479
1134,Age18to64,Female,479
1519,Age65Plus,Female,479
136,AgeUnder5,Male,479
926,Age18to64,Male,480
1033,Age18to64,Male,480
1177,Age18to64,Female,480
1546,Age65Plus,Male,480
67,AgeUnder5,Female,480
377,Age5to17,Male,480
435,Age5to17,Male,480
625,Age5to17,Male,480
767,Age18to64,Male,481
1019,Age18to64,Female,481
1230,Age18to64,Male,481
1508,Age65Plus,Male,481
1513,Age65Plus,Female,481
1550,Age65Plus,Female,482
1566,Age65Plus,Female,482
162,AgeUnder5,Female,482
197,AgeUnder5,Female,482
324,Age5to17,Female,482
1454,Age18to64,Female,483
1544,Age65Plus,Male,483
1561,Age65Plus,Male,483
1585,Age65Plus,Male,483
233,AgeUnder5,Male,483
381,Age5to17,Female,483
1090,Age18to64,Female,484
1188,Age18to64,Female,484
1416,Age18to64,Female,484
1518,Age65Plus,Female,484
1602,Age65Plus,Male,484
296,Age5to17,Male,484
1085,Age18to64,Female,485
1268,Age18to64,Female,485
944,Age18to64,Male,486
1533,Age65Plus,Female,486
1587,Age65Plus,Male,486
104,AgeUnder5,Male,486
240,AgeUnder5,Male,486
783,Age18to64,Male,487
1320,Age18to64,Female,487
196,AgeUnder5,Male,487
478,Age5to17,Female,487
1339,Age18to64,Male,488
1490,Age65Plus,Female,488
184,AgeUnder5,Male,488
237,AgeUnder5,Female,488
659,Age5to17,Female,488
972,Age18to64,Female,489
1439,Age18to64,Male,489
1483,Age65Plus,Female,489
1590,Age65Plus,Female,489
983,Age18to64,Female,490
1495,Age65Plus,Male,490
1004,Age18to64,Male,491
1158,Age18to64,Male,491
1117,Age18to64,Female,492
1599,Age65Plus,Female,492
1354,Age18to64,Male,493
1545,Age65Plus,Female,493
1601,Age65Plus,Male,493
807,Age18to64,Male,494
1203,Age18to64,Female,494
1401,Age18to64,Female,494
1064,Age18to64,Male,495
1442,Age18to64,Male,495
1303,Age18to64,Female,496
1532,Age65Plus,Male,496
1591,Age65Plus,Male,496
762,Age18to64,Male,497
1136,Age18to64,Female,497
1336,Age18to64,Female,497
1363,Age18to64,Female,497
874,Age18to64,Female,498
895,Age18to64,Female,498
1101,Age18to64,Female,498
1181,Age18to64,Male,499
1386,Age18to64,Female,499
970,Age18to64,Male,500
1062,Age18to64,Male,500
1148,Age18to64,Male,500
1204,Age18to64,Male,500
1477,Age18to64,Female,500
